{"cameraMode":{"drawMode":0,"name":"Shaded","section":"Shading Mode"},"sceneLighting":false,"audioPlay":false,"sceneViewState":{"m_AlwaysRefresh":false,"showFog":true,"showSkybox":false,"showFlares":true,"showImageEffects":true,"showParticleSystems":true,"showVisualEffectGraphs":true,"m_FxEnabled":true},"in2DMode":false,"pivot":{"x":-1.3824443817138672,"y":2.5199220180511476,"z":-8.81643009185791},"rotation":{"x":0.11687968671321869,"y":-0.14927348494529725,"z":0.017774207517504693,"w":0.9817062020301819},"size":1.361012578010559,"orthographic":false}